translator_id,name,email,country,years_experience
1,Allison Hill,donaldgarcia@example.net,Uganda,1
2,Leslie Johnson,robinsonwilliam@example.org,Monaco,21
3,Matthew Gardner,shaneramirez@example.org,Senegal,20
4,Melissa Peterson,jasongallagher@example.org,Bermuda,25
5,Ian Cooper,lindsay78@example.org,Uzbekistan,14
6,Juan Calderon,barbara10@example.net,Denmark,27
7,Victoria Wyatt,jamesshawn@example.com,Central African Republic,14
8,Daniel Adams,lynchgeorge@example.net,Ecuador,26
9,James Mayo,gabriellecameron@example.org,Denmark,24
10,Renee Morales,clarksherri@example.net,Germany,6
11,Jonathan Wilkerson,ithomas@example.org,Samoa,23
12,Deborah Richards,icox@example.net,Lithuania,7
13,Anthony Rodriguez,laurahenderson@example.org,Hungary,19
14,Zachary Rice,frazierdanny@example.net,Sao Tome and Principe,6
15,Martin Rodriguez,amoore@example.net,Turkey,23
16,Valerie Gill,harrellkenneth@example.net,Madagascar,22
17,Brittany Farmer,georgetracy@example.org,Vanuatu,20
18,William Roman,brianhumphrey@example.org,Belize,18
19,Rose Spence,davidalvarez@example.net,Chad,7
20,Shane Henderson,sarahcampos@example.net,Cook Islands,24
21,Jennifer Powers,samuel87@example.org,Egypt,6
22,George Chapman,briannasmith@example.net,Norfolk Island,17
23,Austin Johnson,chad34@example.net,Libyan Arab Jamahiriya,17
24,Carlos Walls,esanchez@example.com,Comoros,11
25,Matthew Gomez,uowens@example.org,Peru,12
26,Maria Brown,lauren13@example.org,Comoros,28
27,Brenda White,ewright@example.com,Sri Lanka,25
28,Krista Williams,novaksara@example.org,Chad,12
29,John Hancock,martinaaron@example.com,Estonia,26
30,Rachel Mitchell,smoore@example.org,Azerbaijan,21
31,Kimberly Adkins,williamsthomas@example.net,Cayman Islands,16
32,Jordan York,larsonemma@example.org,Iraq,10
33,Steve Sanchez,harveyrobert@example.net,Mongolia,18
34,Taylor Harris,john62@example.net,Oman,17
35,Eugene Walton,smithchristine@example.net,Bolivia,16
36,Daniel Baker,nicole35@example.com,Cayman Islands,13
37,Joshua Turner,contrerasangela@example.net,Bosnia and Herzegovina,14
38,Brandy Wilson,newtoneric@example.com,Netherlands,29
39,Grant Watts,william40@example.org,North Macedonia,13
40,Donald Smith,danagreen@example.net,Kenya,30
41,Jessica Smith,landryhannah@example.org,Mayotte,7
42,Jacob Tran,tanderson@example.com,United Arab Emirates,26
43,Valerie Williams,jason31@example.com,Slovakia (Slovak Republic),22
44,Shelly Dickson,sarayoung@example.org,South Georgia and the South Sandwich Islands,15
45,Sierra Johnson,kimberly63@example.com,Cayman Islands,14
46,Ashley Brennan,dwalker@example.com,Gambia,12
47,Shelby Walker,raymondramirez@example.org,Sierra Leone,26
48,Martin Ross,sheila14@example.org,Mozambique,11
49,Deborah Rodriguez,yreed@example.com,Jordan,7
50,Kayla Cruz,jonathanfletcher@example.org,Mali,15
51,Kimberly Ball,michaeljones@example.net,Uruguay,7
52,Erik Charles,william65@example.com,Qatar,18
53,Cameron Fisher,lbyrd@example.net,Montenegro,5
54,Joshua Smith,jason99@example.net,Gibraltar,1
55,Jeremy Lewis,yleon@example.net,Chile,12
56,Diane Beck,clarence34@example.org,Sri Lanka,17
57,Alexander Sanchez,xcarr@example.org,Korea,25
58,Mark Lee,psnyder@example.org,Palau,11
59,Stephanie Dalton,osbornejeffery@example.net,Maldives,28
60,Justin Lowery,bryantlaurie@example.net,Marshall Islands,19
61,Linda Dodson DVM,jrivas@example.com,Ukraine,13
62,Scott Cole,maryramirez@example.net,Libyan Arab Jamahiriya,17
63,Denise Jones,jimmy55@example.net,Belgium,6
64,David Benson,calebrussell@example.net,Lao People's Democratic Republic,12
65,Daniel Fisher,gateskathy@example.com,Lesotho,7
66,Guy Molina,vmedina@example.net,South Georgia and the South Sandwich Islands,2
67,Connie Robinson,ytucker@example.com,Paraguay,21
68,Jennifer Martin,ncalhoun@example.net,Anguilla,12
69,Leslie Alvarado,dayderek@example.com,Cocos (Keeling) Islands,13
70,James Lewis,matthew64@example.com,El Salvador,9
71,Julie Curry,cookemichael@example.net,Bangladesh,4
72,Marissa Webster,jamessmith@example.org,Dominican Republic,29
73,Michael Elliott,stevenscott@example.com,Chad,9
74,Tracey Higgins,tamirodriguez@example.org,Vanuatu,7
75,Michael Rubio,mdavid@example.org,Nauru,18
76,Lori Garcia,melissa91@example.net,Slovenia,7
77,Joseph Stanley,huntermatthew@example.com,Swaziland,21
78,Jeffrey Cox PhD,bzimmerman@example.org,Saint Martin,23
79,Marie Gilbert,umarshall@example.net,Ethiopia,28
80,David Michael,nicole37@example.net,New Zealand,8
81,Gabrielle Snyder,hunter35@example.com,Guam,25
82,Kyle Beard,blackjames@example.org,Saint Helena,3
83,Justin Allen,fbrewer@example.com,Somalia,15
84,Edward Sullivan,kevinperkins@example.com,Micronesia,7
85,Jessica Reese,michael74@example.com,El Salvador,18
86,Nathan Stewart,jamesrodgers@example.com,Saint Kitts and Nevis,3
87,Paige Carlson,wallkenneth@example.com,Christmas Island,8
88,Michael Martinez,mccannangela@example.net,Western Sahara,15
89,Sean Henry,andrewstaylor@example.com,Guam,9
90,Anthony Everett,ewilson@example.com,Liechtenstein,8
91,Mark Brown,lisaavery@example.org,Egypt,4
92,Phillip Obrien,kimberlyjames@example.com,French Southern Territories,14
93,Wanda Torres,lynchjody@example.org,Niue,24
94,Matthew Moore,andreamoore@example.com,Korea,18
95,Julie Johnson,jasmine71@example.net,Djibouti,7
96,Rachel Weber,ronaldstephens@example.net,Canada,14
97,Samantha Jones,lauralarson@example.net,Uruguay,24
98,Caleb Barker,gbender@example.net,Lithuania,19
99,Kyle Preston,cassandra01@example.org,Peru,20
100,Laura Sampson,barbara27@example.net,Pakistan,21
101,Donald Shea,fwalters@example.org,Latvia,2
102,Gary Santiago,marksteele@example.com,Panama,7
103,Robin Pierce,qmiller@example.com,Brazil,14
104,Jennifer Robertson,sandovalamy@example.com,Austria,25
105,Isaiah Avila,nwolf@example.com,Mexico,26
106,Dwayne Gilmore,omartinez@example.net,South Georgia and the South Sandwich Islands,3
107,Christopher Pierce,hdavis@example.com,Yemen,29
108,Ronnie Jimenez,william46@example.com,Latvia,10
109,Juan Reyes,michellehill@example.com,Guam,17
110,Katie Hoover,jessica99@example.net,Liechtenstein,12
111,Jill Washington,andrea86@example.com,Venezuela,5
112,Colin Terry,xhall@example.com,Aruba,6
113,John Mcintyre,qhughes@example.net,Canada,18
114,Andrew Shaw MD,sawyerscott@example.net,United States Minor Outlying Islands,10
115,Nathan Ortiz,charlesharrington@example.com,Guadeloupe,25
116,Jennifer Miller,melissa86@example.com,Niue,23
117,Olivia Brennan,williamsonjimmy@example.net,Uruguay,20
118,Darren Davis,hodgesjane@example.org,Kenya,7
119,Elijah Johnson,laura45@example.com,Jersey,24
120,Joseph Knight,georgemiller@example.com,Niger,19
121,Kathleen Aguilar,stevenking@example.com,Papua New Guinea,9
122,Robert Santana,charleslandry@example.net,French Southern Territories,22
123,Jessica Wright,james67@example.org,Dominica,2
124,Ian Phillips,andrew64@example.org,Mongolia,13
125,Paula Beltran,swall@example.org,New Caledonia,2
126,Colleen Lee,erica21@example.net,Oman,24
127,Richard Johnson,jessica14@example.com,San Marino,17
128,Curtis Buchanan,alyssa42@example.com,United States Minor Outlying Islands,26
129,Karen Drake,linda71@example.org,Saudi Arabia,16
130,Shannon Ramsey,zcoffey@example.net,Haiti,13
131,James Baker,gibsonemily@example.net,Estonia,30
132,Samantha Bentley,leonardthomas@example.net,Turks and Caicos Islands,7
133,Erin Bishop,reidsteven@example.net,Gabon,24
134,Audrey Williams,torrestravis@example.org,Dominica,21
135,Brandy Chavez,umatthews@example.org,Turks and Caicos Islands,7
136,Brett Burns,rcrosby@example.org,Portugal,19
137,Jeremy Sampson,cory58@example.net,Guinea-Bissau,22
138,Donald Donaldson,ndavis@example.net,Northern Mariana Islands,14
139,Alison Buchanan,vanessabuchanan@example.org,Bangladesh,23
140,Kristen Willis,markhernandez@example.net,Afghanistan,26
141,William Huerta,lauren10@example.org,American Samoa,3
142,Richard Chapman,thompsonbrian@example.net,Italy,20
143,Nichole Alvarez,william17@example.net,Cyprus,30
144,Amanda Logan,stephen00@example.com,Tanzania,22
145,Michael Henry,fjones@example.com,New Caledonia,4
146,Cameron Weber,oscar98@example.com,Korea,22
147,Jessica Mcguire,farrelldebra@example.net,Saint Helena,3
148,Jessica Beasley,dmorgan@example.com,Israel,1
149,Emily Edwards,nicholas27@example.org,Bermuda,23
150,Anna Davis,lisa80@example.net,Zimbabwe,10
151,Erin Martinez,morgan60@example.com,Netherlands Antilles,4
152,Brian Romero,dianewalker@example.org,Guernsey,19
153,Holly Farmer,lindsaybruce@example.net,Nicaragua,20
154,Kristin Lynch,anthony44@example.com,Guernsey,2
155,Sergio Knight,vjones@example.net,Antarctica (the territory South of 60 deg S),25
156,Joseph Bennett,xpeterson@example.com,Saint Helena,4
157,Todd Carlson,moorekaren@example.org,Peru,23
158,Jeremy Coleman,nperry@example.net,Brazil,28
159,Brian Gregory,trose@example.org,Cyprus,24
160,Kyle Smith,sierra24@example.com,Greece,22
161,Jonathan Jordan,omarpadilla@example.net,Monaco,6
162,Renee Jones,grahamsteve@example.org,Tokelau,9
163,Jeffrey Sullivan,zroberts@example.org,Greece,15
164,Travis Stevens,christopher13@example.com,Namibia,25
165,Blake Harrell,jeffrey21@example.net,North Macedonia,3
166,Jordan Bullock,michael23@example.org,Cameroon,25
167,Christopher Hernandez,thompsonkendra@example.com,Kyrgyz Republic,28
168,Olivia Cole,michelle52@example.com,Bangladesh,14
169,Mark Hogan,bellcharles@example.com,Korea,5
170,Jacob Mitchell,gilbertwilliam@example.com,Mozambique,7
171,Rebecca Huang,kstout@example.net,Comoros,4
172,John Hernandez,hayeslisa@example.com,Rwanda,2
173,Matthew Williams,hritter@example.net,New Zealand,4
174,Jake Campbell,rschroeder@example.net,Austria,20
175,Maria Jones,grantpaul@example.com,Saint Kitts and Nevis,28
176,Tracey Morrison,mathewaguilar@example.org,United States Virgin Islands,30
177,Walter Hale,tanderson@example.org,Georgia,9
178,Maria Murphy,elizabethcalderon@example.net,Poland,23
179,Anna Santiago,andrew42@example.org,Guam,11
180,Katelyn Perez,ericphillips@example.org,Madagascar,3
181,Sandy Stephenson,stanleynancy@example.net,Bulgaria,22
182,Brittany White,jenniferwilliams@example.com,Philippines,1
183,Tracy Bishop,pyoung@example.com,Sudan,18
184,Stephanie Lee,smurray@example.com,Macao,15
185,Tracy Montoya,moniquewilliams@example.com,Tunisia,15
186,Timothy Dawson,mitchellkathryn@example.com,Korea,21
187,Brittany Kim,lisawilkerson@example.org,Israel,12
188,Jonathan Young,brooksanthony@example.org,Taiwan,30
189,Gabriela Thomas,mitchellmaria@example.net,Switzerland,14
190,Michael West,bullockandrew@example.org,Syrian Arab Republic,12
191,Todd Lynch,srodriguez@example.org,Gabon,11
192,David Fowler,fbrown@example.net,Mauritania,5
193,Jose Allen,kellysmith@example.com,Dominican Republic,8
194,Chelsea Barnett,carlos88@example.net,Solomon Islands,12
195,Kristen Myers DDS,qzavala@example.net,Andorra,25
196,Austin Allen,ingramjill@example.com,Burkina Faso,20
197,Joshua Li,mariacohen@example.net,Lesotho,3
198,Robin Brown,mjohnson@example.org,Somalia,14
199,Andrew Mahoney,ihays@example.com,El Salvador,21
200,Matthew Mitchell,glennmartin@example.org,South Georgia and the South Sandwich Islands,22
201,Steve Paul,lmorgan@example.com,Puerto Rico,12
202,Tim Stone PhD,mmiller@example.org,Mayotte,27
203,Brian Murphy,kirk96@example.org,Portugal,1
204,Jeremy Acosta,christina64@example.net,Somalia,19
205,Angela Walsh,william20@example.org,Thailand,25
206,Rachael Johnson,youngdeanna@example.com,Hungary,11
207,Amanda Hernandez,xrush@example.com,Serbia,5
208,Chad Richardson,debra31@example.org,Saint Pierre and Miquelon,12
209,Joseph Mcintyre,greenjorge@example.com,Croatia,1
210,Donna Hendricks DDS,taylorcharles@example.org,United Arab Emirates,29
211,Yolanda Cochran,elizabeth18@example.net,French Guiana,27
212,Sarah Joseph,laurahicks@example.org,Cook Islands,5
213,Cynthia Snyder,angela57@example.net,Bulgaria,26
214,Angelica Parker,xfox@example.com,Swaziland,21
215,Beth Stewart,coleerin@example.com,Brunei Darussalam,4
216,Penny Bowman,katrinaanderson@example.net,United States Minor Outlying Islands,26
217,Sandra Holmes,fred53@example.com,Yemen,23
218,Stephanie Singleton,james84@example.org,Niue,19
219,Joseph Shaw,brittanycarpenter@example.org,Palestinian Territory,15
220,Stephanie Morgan,bryananthony@example.org,Yemen,25
221,Laura Curtis,bmontgomery@example.com,Tuvalu,19
222,Donna Frye,zsanchez@example.net,Iraq,16
223,Benjamin Brown,dperry@example.org,Guam,18
224,Emily Higgins,theresa25@example.net,Monaco,30
225,David Martinez,gwright@example.org,French Guiana,1
226,Sharon Barnes,lisapeck@example.net,Germany,17
227,Christopher Ferrell,tjimenez@example.com,Angola,6
228,James Bryant,jasongomez@example.org,Finland,3
229,Stephen Pena MD,booneryan@example.com,Saint Lucia,21
230,Jamie Williams,hudsonjames@example.net,France,28
231,Jonathan Duran,marcia99@example.org,Brunei Darussalam,22
232,Jennifer Norton,angela52@example.org,Netherlands,30
233,Kathryn Williams,jenniferbrock@example.net,Korea,3
234,Steven Taylor,francisco94@example.net,Guadeloupe,19
235,Katrina Burns,thomas05@example.com,Peru,5
236,Jason Parker,carlsonjoseph@example.net,Slovenia,10
237,Laura Perez,silvageorge@example.net,Saint Helena,5
238,Sarah Hernandez,anthonyvaughan@example.org,Comoros,14
239,Erik Hernandez,roberthampton@example.com,Tunisia,28
240,Monica Thornton,annbolton@example.com,Malta,5
241,Tyler Stevens,amy49@example.com,Congo,5
242,Diana Evans,kellie37@example.com,Lesotho,19
243,Timothy Pope,keith98@example.com,Ukraine,29
244,Sabrina Blevins,kellyroberts@example.net,Belgium,12
245,Jeremy Scott,ilewis@example.com,Venezuela,19
246,Denise Rodriguez,johnsantiago@example.net,Czech Republic,14
247,Amy Gutierrez,xgarcia@example.org,Albania,7
248,Vanessa Moore,mwoods@example.com,Gibraltar,11
249,Anthony Mack,amandasharp@example.org,United States Minor Outlying Islands,11
250,Jennifer Monroe,osbornrandy@example.com,Colombia,6
251,Tonya Howe,smithashley@example.org,Vanuatu,23
252,Mrs. Virginia Daniels,ismall@example.net,Lao People's Democratic Republic,29
253,Robert Rivera,twong@example.org,American Samoa,8
254,Rachel Bradley,gregorychase@example.com,Sweden,3
255,Garrett Morales,lopezdonald@example.com,Vietnam,9
256,Dean Young,stephanie49@example.net,Montserrat,26
257,Matthew Schwartz,contrerassteven@example.org,Iraq,19
258,Tammy Barron,hannah45@example.net,Cyprus,28
259,Casey Hernandez,robert87@example.net,Spain,19
260,Colleen Wright,foxallison@example.com,Belarus,10
261,Ashley Poole,ashleyhernandez@example.com,Timor-Leste,15
262,Audrey Harris,gdavis@example.com,Sudan,4
263,Carlos Perry,hansenemily@example.com,Saint Kitts and Nevis,16
264,David Smith,bethwilliams@example.com,Reunion,23
265,Zachary Michael,andersenthomas@example.com,Ireland,9
266,Chad May,ybrooks@example.com,Trinidad and Tobago,24
267,Jamie Miller,desireebailey@example.org,Mauritania,19
268,Cameron Irwin,avilatiffany@example.com,Peru,3
269,Jessica Gray,johnreed@example.com,Comoros,14
270,Molly Rodriguez,bmendez@example.org,Costa Rica,22
271,Kirk Griffin,sanchezbradley@example.com,Djibouti,14
272,Nicole Parsons,williamroberts@example.net,Morocco,13
273,Kyle Chambers,joel28@example.org,Isle of Man,8
274,Antonio Fry,conniesimmons@example.com,Australia,14
275,Teresa Powers,heather62@example.com,Honduras,28
276,Joshua Allen,kevinzimmerman@example.com,United States Virgin Islands,5
277,Jason Butler,paulscott@example.com,Oman,15
278,Jerry Watson,brettbennett@example.net,Netherlands,22
279,Benjamin Ballard,timothybooth@example.com,Gabon,16
280,Alexis Giles,burgesskaren@example.org,Qatar,1
281,Christine Herman,kimberly67@example.net,Pakistan,21
282,Dennis Hunt,zowens@example.net,Latvia,9
283,Erica Harris,robert93@example.net,Cameroon,3
284,Juan Silva,mphillips@example.com,Denmark,22
285,Roy Porter,jonathan77@example.com,Chile,30
286,Heather Taylor,iwhite@example.net,Bahamas,15
287,Sara Jones,duranrobert@example.net,Djibouti,9
288,Chris Robinson,nbrooks@example.net,Papua New Guinea,12
289,Susan Hopkins,smithandrea@example.org,Andorra,26
290,Denise Madden,shawheidi@example.com,Sri Lanka,6
291,Cassie Hull,johnharvey@example.com,Suriname,16
292,Robert Miller,pstevens@example.net,Czech Republic,3
293,Ronald Miller,davisnicholas@example.net,Lebanon,18
294,Adam Jackson,pbruce@example.com,Mongolia,30
295,Valerie Jacobson,hallrachel@example.net,Tuvalu,18
296,Denise Glass,rachel90@example.org,Vanuatu,26
297,Alexis Clark,karenmarquez@example.com,Vanuatu,11
298,Christopher Allen,irhodes@example.com,Hungary,17
299,Brenda Hinton,masonterri@example.org,Bolivia,27
300,Ryan Peterson,unovak@example.org,North Macedonia,12
301,Willie Henry,angela66@example.org,Pitcairn Islands,11
302,Jamie Barton,lauren11@example.com,Cape Verde,19
303,Richard Moore,gstewart@example.org,Albania,15
304,Jill Juarez,andersonjacob@example.com,Moldova,20
305,Jennifer Johnson,angela99@example.com,Tonga,4
306,Edgar Hughes,hardyanita@example.org,Montserrat,6
307,Melissa Jackson,kevin72@example.org,Chad,23
308,Jason Washington,wardsheryl@example.net,Niue,25
309,Luis Ellis Jr.,rushmartin@example.net,Hong Kong,3
310,Erin Cook,kevinmorrison@example.net,Cook Islands,16
311,Christopher Sanders,kelly79@example.org,Greece,13
312,Robert Long,frederickjames@example.net,Cocos (Keeling) Islands,9
313,Krista Benton,nhahn@example.com,South Georgia and the South Sandwich Islands,29
314,Michael Fuentes,ichambers@example.net,Gabon,22
315,Matthew Espinoza,mjones@example.com,Myanmar,10
316,Jonathon Knapp,ystephens@example.com,Reunion,3
317,Kimberly Little,rodriguezjohn@example.net,Guinea,2
318,Lonnie Hart,vrasmussen@example.com,Botswana,22
319,David Dixon,seanmyers@example.net,Namibia,27
320,Brittany Cuevas,agarcia@example.org,Brazil,22
321,Monica Bailey,stanley38@example.com,Guernsey,3
322,Jeffrey Horton,carlos01@example.org,Thailand,22
323,Brian Marsh,zacharyarnold@example.com,Monaco,21
324,Joel Salinas,jacobsandoval@example.com,Antarctica (the territory South of 60 deg S),3
325,Sonya Cole,tprice@example.org,Costa Rica,25
326,Michael Flynn,lloydamanda@example.com,Greece,29
327,Brian Lambert,orose@example.com,Nepal,21
328,James Wilson,megan92@example.net,Romania,14
329,Tamara Lawrence,lawrenceallen@example.org,Cocos (Keeling) Islands,23
330,Charles Price,baileyhenderson@example.com,North Macedonia,3
331,Tamara Arias,angelaburns@example.org,Colombia,12
332,Jerry Brown,stephanie72@example.org,Suriname,11
333,Justin Delgado,acohen@example.net,Tajikistan,10
334,Christopher Cunningham,kellyhill@example.net,France,6
335,Jim Newton,hdunn@example.net,Brazil,8
336,Joshua Ritter,wolfscott@example.org,Jamaica,14
337,Ronald Potter,nancy07@example.com,Guernsey,10
338,Angie Grimes,rowejoel@example.net,Namibia,5
339,Shannon Bishop,imartin@example.org,Suriname,11
340,Anthony Bell,candice25@example.net,French Guiana,7
341,Derek Hodge,taylorkaren@example.com,Uruguay,14
342,Donald Rios,johndawson@example.org,Senegal,2
343,Jenna Thomas,courtney67@example.org,North Macedonia,12
344,Patricia Powell,heather57@example.com,Greece,15
345,Sheila Boone,simonstephen@example.net,Qatar,27
346,Arthur Ferguson,tammysummers@example.com,Ethiopia,5
347,Drew Kelley,ashleewashington@example.com,Uganda,14
348,Amber Garcia,ksmith@example.com,Korea,8
349,Tyler Harris,nicoleturner@example.com,Bermuda,17
350,Danielle Watson,brettgarrett@example.net,Reunion,1
351,Jessica Davis,smiththomas@example.org,Nauru,28
352,Michael Smith,lisa62@example.com,Barbados,7
353,Brandon Shaffer,edwardsnicole@example.org,Hong Kong,5
354,Nicole Anderson,caseyelliott@example.net,Pakistan,18
355,Gregory Lewis,samanthajensen@example.com,Tokelau,28
356,Steven Taylor,lawrencepatrick@example.com,Germany,23
357,Danielle Newman,angelagreene@example.net,Finland,13
358,Melissa Abbott,jamie98@example.org,San Marino,11
359,Matthew Bowers,troyrodriguez@example.com,Northern Mariana Islands,12
360,Kelsey Levine,sarah26@example.net,Italy,7
361,Michael Farmer,smithcarlos@example.com,Cuba,12
362,Antonio Mccormick,courtney86@example.com,Reunion,12
363,Martin Medina,joshuacollins@example.net,Uruguay,9
364,Robert Herrera,wwillis@example.net,Pitcairn Islands,2
365,Emily Kim,brianmiller@example.com,Brazil,1
366,Lee Parker,davidzimmerman@example.net,Algeria,21
367,Troy Mills,gary24@example.net,Turks and Caicos Islands,29
368,Steven Rogers,enelson@example.com,Rwanda,26
369,Lori Crawford,brian92@example.com,Cayman Islands,10
370,Brian Berry,perezwilliam@example.org,Togo,12
371,Dana Ruiz,lmora@example.org,Micronesia,13
372,Michelle Rios,marcbutler@example.net,Ghana,2
373,Blake Watson,whitelinda@example.org,Zimbabwe,3
374,Shawn Cline,mark87@example.org,Heard Island and McDonald Islands,13
375,Justin Torres,stevenvargas@example.com,Sierra Leone,29
376,Morgan Payne,edwardrandolph@example.org,Djibouti,10
377,Makayla Steele,tapiaaaron@example.net,Honduras,2
378,Monica Garcia,robertwoodward@example.org,Rwanda,26
379,Andrew Hall,xhaynes@example.com,San Marino,3
380,Brendan Anderson,kjones@example.org,Jordan,23
381,Bianca Carter,sara65@example.com,Korea,26
382,Benjamin Harris,moorefrank@example.com,Germany,1
383,Joshua Oconnell,shannonford@example.org,Bermuda,11
384,Michael Mckenzie,lewismelissa@example.org,Bermuda,1
385,Tracy Foster,byrdjorge@example.org,Antarctica (the territory South of 60 deg S),30
386,Sarah Hawkins,codygarcia@example.org,British Virgin Islands,27
387,Ronald Haas,jamesmorales@example.net,Norfolk Island,18
388,Angela Willis,johnsoncaleb@example.net,Kenya,5
389,Anna Boone,david70@example.org,Uzbekistan,12
390,Samantha Foster,reyesronald@example.com,Croatia,16
391,Denise Griffin,austinharvey@example.org,Oman,4
392,Jason Pierce,millerpatrick@example.com,Cook Islands,23
393,Rebecca Wright,mayokimberly@example.com,Lesotho,13
394,Kari Durham,paul20@example.com,Nepal,8
395,Steven Osborne,stokesthomas@example.com,Seychelles,26
396,Crystal Moore,dianeadams@example.net,Azerbaijan,27
397,Theresa Johnston,lkelly@example.org,Dominica,27
398,Renee Wolfe,warnermichael@example.net,Mongolia,3
399,Travis Copeland,lweaver@example.com,Argentina,30
400,David Robinson,nsmith@example.org,Sri Lanka,27
401,Mitchell Sellers,brian29@example.net,United States Virgin Islands,25
402,Brian Fox,susan56@example.net,Bolivia,23
403,Frank Daugherty,fconner@example.net,Ghana,6
404,Wayne Steele,jeffrey92@example.com,Gambia,29
405,Elizabeth Thompson,rushstacy@example.com,Thailand,15
406,Traci Johnson DDS,daniellegarcia@example.com,Cambodia,24
407,Blake Reed,gary15@example.com,Algeria,7
408,David Jones,kristin00@example.com,Kazakhstan,30
409,Tracy Wilkerson,wmacias@example.net,Honduras,26
410,John Shields,franciscojones@example.org,French Polynesia,12
411,Dean Garcia,george62@example.net,Belarus,13
412,Stephanie Davis,bbush@example.net,Chad,9
413,Jessica Brown,jamie36@example.net,Micronesia,11
414,Monica Baker,kenneth10@example.com,Montserrat,13
415,Katherine Brown,pattersonkelly@example.net,Niue,23
416,Christina Johnson,daniellerowland@example.com,Tanzania,20
417,Richard Ruiz,christopher86@example.org,Heard Island and McDonald Islands,1
418,Jaclyn Griffin,scott43@example.com,Mongolia,17
419,Paul Contreras,barnettlindsey@example.com,Saudi Arabia,7
420,Kristen Randall,rsheppard@example.com,Montserrat,19
421,Karen Miller,shawrachel@example.net,Philippines,19
422,Mrs. Tiffany Cole,teresastokes@example.org,Armenia,30
423,William Graham,maryscott@example.net,United States Virgin Islands,7
424,Angie Hawkins,melissa87@example.org,Solomon Islands,30
425,Laurie Harrington,perryeddie@example.net,Myanmar,30
426,Teresa Buckley,floydmikayla@example.com,Turkey,21
427,James Washington,rjohnson@example.com,Cambodia,17
428,Melanie Morales,vpreston@example.net,Dominica,25
429,John Adams,andrew44@example.com,Tajikistan,6
430,Michael Garcia PhD,kevinmanning@example.com,Ethiopia,24
431,Lisa Davis,alewis@example.net,Libyan Arab Jamahiriya,7
432,Sharon Nicholson,cameronmckinney@example.com,Burkina Faso,19
433,Kelly Carroll,jameswhitaker@example.org,Egypt,7
434,Anthony Ward,joshuacolon@example.net,Indonesia,7
435,Becky Johnson,tracy72@example.com,Namibia,1
436,Hailey Monroe,kaitlyn14@example.org,Hungary,14
437,Scott Chan,mercedesholland@example.net,Costa Rica,21
438,Jason Smith,wellsdavid@example.org,Netherlands Antilles,19
439,Courtney Franklin,jennifer46@example.com,Timor-Leste,22
440,David Owens,asilva@example.net,Panama,22
441,Sara Hoffman,kenneth17@example.org,Guadeloupe,3
442,Margaret Hensley MD,jacob83@example.org,Sri Lanka,12
443,Rhonda Powell,erin07@example.com,Eritrea,17
444,Jennifer Doyle,matthewreeves@example.net,Martinique,12
445,Karen Shepard,william28@example.org,French Polynesia,14
446,Carl Green,staceylam@example.net,Benin,19
447,Daniel Savage,vfrench@example.com,Eritrea,19
448,Julie Wilson,delacruzbrandy@example.net,Barbados,22
449,Cory Wilson,amoreno@example.org,Trinidad and Tobago,26
450,Brenda Gonzalez,dbenitez@example.org,Germany,7
451,Catherine Miller,crystal25@example.net,Azerbaijan,8
452,Donald Juarez,barbaramoore@example.org,Bulgaria,27
453,Madeline Powell,creyes@example.net,Cook Islands,24
454,Tiffany Mcclain,andrewsmith@example.net,Egypt,6
455,Shawn Collins,reyesbrianna@example.org,Bahrain,21
456,Elizabeth Carter,ryan25@example.com,Guinea-Bissau,14
457,Carmen Meadows,osmith@example.net,Bulgaria,12
458,Alex Wagner,richardsondebra@example.org,Honduras,12
459,Dawn Nichols,wheelerbrandon@example.org,Palau,1
460,Amber Wilson,jjames@example.com,Lebanon,6
461,Christine Jennings,turnerdorothy@example.net,Mali,20
462,Larry Taylor,huntchristine@example.com,Brazil,6
463,Kathleen Lynch,marie35@example.net,Ireland,16
464,Andrew Crawford,haleycastillo@example.org,Afghanistan,13
465,Brandon Rodriguez,fhernandez@example.net,Belarus,21
466,Ashley Scott,stephenmadden@example.com,Kyrgyz Republic,16
467,Robert Sawyer,michael56@example.net,Brazil,21
468,Peter Williams,elizabethjackson@example.com,Uganda,2
469,Marco Johns,watsonmatthew@example.org,Iran,4
470,Jesus Houston,pmarsh@example.org,Bouvet Island (Bouvetoya),14
471,Nicholas Jarvis,dalepruitt@example.com,Spain,21
472,Jessica Carr,cheryl27@example.com,Bouvet Island (Bouvetoya),27
473,Jessica Brown,alexander89@example.net,Mongolia,13
474,Tyler Marks,reynoldsjessica@example.com,Guatemala,3
475,Margaret Hernandez,smithsarah@example.net,Thailand,27
476,Jon Martin,vflores@example.com,Australia,21
477,Krista Gray,christianwallace@example.net,Kiribati,27
478,Jonathan Stewart,bmcgee@example.org,Iraq,2
479,Justin Smith,connersylvia@example.net,Gabon,15
480,Kristina Pena,xclements@example.org,Svalbard & Jan Mayen Islands,15
481,Jesse Castro,xmoran@example.net,Korea,9
482,Peter Walker,michael48@example.net,Holy See (Vatican City State),15
483,Amber Martin,lydianewton@example.com,Botswana,10
484,Craig Martinez,ylewis@example.org,Saint Barthelemy,8
485,Peter Williams,bartonshannon@example.net,Namibia,12
486,Brandy Porter,tranryan@example.net,Liberia,20
487,Priscilla Kent,jessicaanderson@example.com,Palestinian Territory,8
488,Sonya Gordon,mbarnes@example.net,Serbia,2
489,James Cooper,shawn22@example.com,Netherlands,3
490,Nicole Evans,jennifer83@example.org,Cote d'Ivoire,23
491,Donna Reed,tinasantos@example.org,Macao,4
492,Mallory Page,anna99@example.net,Russian Federation,14
493,Paul Skinner,natalie60@example.net,Botswana,12
494,Charles Santiago,josephfloyd@example.com,Pitcairn Islands,25
495,Ryan Vaughn,james80@example.com,Suriname,6
496,Luis Lowe,juliahoffman@example.org,Malawi,1
497,Rebecca Roberts,housepaul@example.net,Germany,18
498,Amy Manning,christinenorman@example.com,Switzerland,29
499,Mark Mckinney,kari89@example.org,Singapore,18
500,Cheryl Cole,lopezglenn@example.net,British Indian Ocean Territory (Chagos Archipelago),27
